"CN","CH","LC","MT","RD"
528.69398392613,578.975589724975,558.144482440459,553.673479038118,623.012773196471
